at_utc,visit_id,attempt_id,event,path,revision,detail,qa_class,app_release
2026-10-05T12:00:00Z,v01,a01,builder_journey_started,,0,home_cta,public,demo-2026-10-05
2026-10-05T12:00:05Z,v01,a01,builder_path_selected,example,0,,public,demo-2026-10-05
2026-10-05T12:00:06Z,v01,a01,builder_measurement_requested,example,0,automatic_example,public,demo-2026-10-05
2026-10-05T12:00:08Z,v01,a01,builder_measurement_completed,example,0,,public,demo-2026-10-05
2026-10-05T12:02:00Z,v01,a01,builder_enquiry_ready,example,0,,public,demo-2026-10-05
2026-10-05T12:02:10Z,v01,a01,builder_copy_requested,example,0,enquiry,public,demo-2026-10-05
2026-10-05T12:02:11Z,v01,a01,builder_copy_confirmed,example,0,enquiry,public,demo-2026-10-05
2026-10-05T12:10:00Z,v02,a02,builder_journey_started,,0,nav,public,demo-2026-10-05
2026-10-05T12:10:03Z,v02,a02,builder_path_selected,live,0,,public,demo-2026-10-05
2026-10-05T12:12:00Z,v02,a02,builder_property_confirmed,live,0,,public,demo-2026-10-05
2026-10-05T12:13:00Z,v02,a02,builder_measurement_requested,live,0,button,public,demo-2026-10-05
2026-10-05T12:13:08Z,v02,a02,builder_measurement_failed,live,0,timeout,public,demo-2026-10-05
2026-10-05T12:14:00Z,v02,a02,builder_measurement_requested,live,0,button,public,demo-2026-10-05
2026-10-05T12:14:03Z,v02,a02,builder_measurement_completed,live,0,,public,demo-2026-10-05
2026-10-05T12:16:00Z,v02,a02,builder_enquiry_ready,live,0,,public,demo-2026-10-05
2026-10-05T12:16:12Z,v02,a02,builder_email_draft_requested,live,0,default:full,public,demo-2026-10-05
2026-10-05T12:20:00Z,v03,a03,builder_journey_started,,0,home_cta,public,demo-2026-10-05
2026-10-05T12:20:08Z,v03,a03,builder_path_selected,manual,0,,public,demo-2026-10-05
2026-10-05T12:22:00Z,v03,a03,builder_property_confirmed,manual,0,,public,demo-2026-10-05
2026-10-05T12:24:00Z,v03,a03,builder_enquiry_ready,manual,0,,public,demo-2026-10-05
2026-10-05T12:24:10Z,v03,a03,builder_copy_requested,manual,0,enquiry,public,demo-2026-10-05
2026-10-05T12:24:11Z,v03,a03,builder_copy_failed,manual,0,clipboard_unavailable,public,demo-2026-10-05
2026-10-05T12:30:00Z,v04,a04,builder_journey_started,,0,direct,public,demo-2026-10-05
2026-10-05T12:30:04Z,v04,a04,builder_path_selected,live,0,,public,demo-2026-10-05
2026-10-05T12:31:00Z,v04,a04,builder_lookup_failed,live,0,no_result,public,demo-2026-10-05
2026-10-05T12:40:00Z,v05,a05,builder_journey_started,,0,home_cta,public,demo-2026-10-05
2026-10-05T12:40:03Z,v05,a05,builder_path_selected,example,0,,public,demo-2026-10-05
2026-10-05T12:40:04Z,v05,a05,builder_measurement_requested,example,0,automatic_example,public,demo-2026-10-05
2026-10-05T12:40:06Z,v05,a05,builder_measurement_completed,example,0,,public,demo-2026-10-05
2026-10-05T12:41:00Z,v05,a05,builder_state_invalidated,example,1,measurement:edit,public,demo-2026-10-05
2026-10-05T12:41:10Z,v05,a05,builder_measurement_requested,example,1,button,public,demo-2026-10-05
2026-10-05T12:41:12Z,v05,a05,builder_measurement_completed,example,1,,public,demo-2026-10-05
2026-10-05T12:42:00Z,v05,a05,builder_enquiry_ready,example,1,,public,demo-2026-10-05
2026-10-05T12:42:10Z,v05,a05,builder_download_requested,example,1,,public,demo-2026-10-05
2026-10-05T12:50:00Z,v06,a06,builder_journey_started,,0,nav,public,demo-2026-10-05
2026-10-05T12:50:02Z,v06,a06,builder_path_selected,live,0,,public,demo-2026-10-05
2026-10-05T12:52:00Z,v06,a06,builder_property_confirmed,live,0,,public,demo-2026-10-05
2026-10-05T12:53:00Z,v06,a06,builder_measurement_requested,live,0,button,public,demo-2026-10-05
2026-10-05T12:53:05Z,v06,a06,builder_measurement_failed,live,0,service_unavailable,public,demo-2026-10-05
2026-10-05T12:54:00Z,v06,a06,builder_state_invalidated,live,0,property:mode_change,public,demo-2026-10-05
2026-10-05T12:54:01Z,v06,a07,builder_journey_started,,0,mode_reset,public,demo-2026-10-05
2026-10-05T12:54:02Z,v06,a07,builder_path_selected,manual,0,,public,demo-2026-10-05
2026-10-05T12:56:00Z,v06,a07,builder_property_confirmed,manual,0,,public,demo-2026-10-05
2026-10-05T12:57:00Z,v06,a07,builder_enquiry_ready,manual,0,,public,demo-2026-10-05
2026-10-05T13:00:00Z,qa01,qa01,builder_journey_started,,0,direct,agent_qa,demo-2026-10-05
2026-10-05T13:00:02Z,qa01,qa01,builder_path_selected,example,0,,agent_qa,demo-2026-10-05
2026-10-05T13:00:03Z,qa01,qa01,builder_measurement_requested,example,0,automatic_example,agent_qa,demo-2026-10-05
2026-10-05T13:00:05Z,qa01,qa01,builder_measurement_completed,example,0,,agent_qa,demo-2026-10-05
